{
  "best_global_step": null,
  "best_metric": null,
  "best_model_checkpoint": null,
  "epoch": 3.0,
  "eval_steps": 500,
  "global_step": 27,
  "is_hyper_param_search": false,
  "is_local_process_zero": true,
  "is_world_process_zero": true,
  "log_history": [
    {
      "entropy": 0.1865999586880207,
      "epoch": 0.12121212121212122,
      "grad_norm": 1.4609375,
      "learning_rate": 5e-05,
      "logits/chosen": -0.2517447574647663,
      "logits/rejected": -0.25021195616211694,
      "logps/chosen": -82.18054580688477,
      "logps/rejected": -150.94639778137207,
      "loss": 0.6931471824645996,
      "mean_token_accuracy": 0.967150941491127,
      "num_tokens": 10063.0,
      "rewards/accuracies": 0.0,
      "rewards/chosen": 0.0,
      "rewards/margins": 0.0,
      "rewards/rejected": 0.0,
      "step": 1
    },
    {
      "entropy": 0.17107541114091873,
      "epoch": 0.24242424242424243,
      "grad_norm": 0.99609375,
      "learning_rate": 4.814814814814815e-05,
      "logits/chosen": -0.2665066360254359,
      "logits/rejected": -0.20786564529033114,
      "logps/chosen": -76.9095630645752,
      "logps/rejected": -128.33316612243652,
      "loss": 0.6673036813735962,
      "mean_token_accuracy": 0.9689160585403442,
      "num_tokens": 20309.0,
      "rewards/accuracies": 0.75,
      "rewards/chosen": 0.028652191278524697,
      "rewards/margins": 0.05358944274485111,
      "rewards/rejected": -0.024937249720096588,
      "step": 2
    },
    {
      "entropy": 0.1736493557691574,
      "epoch": 0.36363636363636365,
      "grad_norm": 1.4921875,
      "learning_rate": 4.62962962962963e-05,
      "logits/chosen": -0.26297144786207616,
      "logits/rejected": -0.25595517712834687,
      "logps/chosen": -85.58185386657715,
      "logps/rejected": -171.88140869140625,
      "loss": 0.5921327471733093,
      "mean_token_accuracy": 0.970683217048645,
      "num_tokens": 31481.0,
      "rewards/accuracies": 1.0,
      "rewards/chosen": 0.07654132880270481,
      "rewards/margins": 0.21512585505843163,
      "rewards/rejected": -0.13858452206477523,
      "step": 3
    },
    {
      "entropy": 0.1731332316994667,
      "epoch": 0.48484848484848486,
      "grad_norm": 1.7109375,
      "learning_rate": 4.4444444444444447e-05,
      "logits/chosen": -0.35179833841853897,
      "logits/rejected": -0.3308540614801666,
      "logps/chosen": -93.72196197509766,
      "logps/rejected": -136.60063934326172,
      "loss": 0.5310181379318237,
      "mean_token_accuracy": 0.9668300300836563,
      "num_tokens": 42530.0,
      "rewards/accuracies": 1.0,
      "rewards/chosen": 0.15046768449246883,
      "rewards/margins": 0.35851211845874786,
      "rewards/rejected": -0.20804443396627903,
      "step": 4
    },
    {
      "entropy": 0.23087964951992035,
      "epoch": 0.6060606060606061,
      "grad_norm": 1.453125,
      "learning_rate": 4.259259259259259e-05,
      "logits/chosen": -0.22438866532646345,
      "logits/rejected": -0.1897277223127715,
      "logps/chosen": -178.74432182312012,
      "logps/rejected": -280.3490180969238,
      "loss": 0.4151991903781891,
      "mean_token_accuracy": 0.9414498060941696,
      "num_tokens": 52279.0,
      "rewards/accuracies": 1.0,
      "rewards/chosen": 0.0937957800924778,
      "rewards/margins": 0.6708831936120987,
      "rewards/rejected": -0.5770874097943306,
      "step": 5
    },
    {
      "entropy": 0.22712195292115211,
      "epoch": 0.7272727272727273,
      "grad_norm": 1.4921875,
      "learning_rate": 4.074074074074074e-05,
      "logits/chosen": -0.3087513059451511,
      "logits/rejected": -0.2553592126706772,
      "logps/chosen": -178.1568202972412,
      "logps/rejected": -279.619571685791,
      "loss": 0.34410038590431213,
      "mean_token_accuracy": 0.9244871735572815,
      "num_tokens": 61020.0,
      "rewards/accuracies": 1.0,
      "rewards/chosen": -0.2989936890080571,
      "rewards/margins": 0.9562915861606598,
      "rewards/rejected": -1.2552852630615234,
      "step": 6
    },
    {
      "entropy": 0.24305230379104614,
      "epoch": 0.8484848484848485,
      "grad_norm": 1.109375,
      "learning_rate": 3.888888888888889e-05,
      "logits/chosen": -0.2913832211222765,
      "logits/rejected": -0.25144077303195456,
      "logps/chosen": -211.96946144104004,
      "logps/rejected": -320.2193183898926,
      "loss": 0.22698251903057098,
      "mean_token_accuracy": 0.9290358275175095,
      "num_tokens": 70541.0,
      "rewards/accuracies": 1.0,
      "rewards/chosen": -0.2495144084095955,
      "rewards/margins": 1.4750621616840363,
      "rewards/rejected": -1.7245765998959541,
      "step": 7
    },
    {
      "entropy": 0.14324858039617538,
      "epoch": 0.9696969696969697,
      "grad_norm": 0.54296875,
      "learning_rate": 3.7037037037037037e-05,
      "logits/chosen": -0.690540113829514,
      "logits/rejected": -0.6322865764960497,
      "logps/chosen": -67.05523490905762,
      "logps/rejected": -156.28061294555664,
      "loss": 0.0993017703294754,
      "mean_token_accuracy": 0.9714921563863754,
      "num_tokens": 81065.0,
      "rewards/accuracies": 1.0,
      "rewards/chosen": 0.34973202645778656,
      "rewards/margins": 2.2847834527492523,
      "rewards/rejected": -1.9350513815879822,
      "step": 8
    },
    {
      "entropy": 0.18484361469745636,
      "epoch": 1.0,
      "grad_norm": 1.1015625,
      "learning_rate": 3.518518518518519e-05,
      "logits/chosen": -0.7564033189033189,
      "logits/rejected": -0.7027893519189308,
      "logps/chosen": -102.85906982421875,
      "logps/rejected": -202.82809448242188,
      "loss": 0.08831870555877686,
      "mean_token_accuracy": 0.9494949579238892,
      "num_tokens": 83538.0,
      "rewards/accuracies": 1.0,
      "rewards/chosen": -0.5640129446983337,
      "rewards/margins": 2.3823187351226807,
      "rewards/rejected": -2.946331739425659,
      "step": 9
    },
    {
      "entropy": 0.24545533955097198,
      "epoch": 1.121212121212121,
      "grad_norm": 0.28515625,
      "learning_rate": 3.3333333333333335e-05,
      "logits/chosen": -0.33250292914269663,
      "logits/rejected": -0.3061830000856773,
      "logps/chosen": -295.653902053833,
      "logps/rejected": -440.71778106689453,
      "loss": 0.027954189106822014,
      "mean_token_accuracy": 0.9026407152414322,
      "num_tokens": 91435.0,
      "rewards/accuracies": 1.0,
      "rewards/chosen": -2.4244230706244707,
      "rewards/margins": 3.812855839729309,
      "rewards/rejected": -6.237278878688812,
      "step": 10
    },
    {
      "entropy": 0.12136019021272659,
      "epoch": 1.2424242424242424,
      "grad_norm": 0.041015625,
      "learning_rate": 3.148148148148148e-05,
      "logits/chosen": -0.9500704793553783,
      "logits/rejected": -0.8433854675896445,
      "logps/chosen": -83.15596199035645,
      "logps/rejected": -207.3235626220703,
      "loss": 0.00513701606541872,
      "mean_token_accuracy": 0.9639234244823456,
      "num_tokens": 101769.0,
      "rewards/accuracies": 1.0,
      "rewards/chosen": -0.20871086651459336,
      "rewards/margins": 5.410122632980347,
      "rewards/rejected": -5.618833422660828,
      "step": 11
    },
    {
      "entropy": 0.2039036713540554,
      "epoch": 1.3636363636363638,
      "grad_norm": 0.0576171875,
      "learning_rate": 2.962962962962963e-05,
      "logits/chosen": -0.7222522525449394,
      "logits/rejected": -0.6974177737815289,
      "logps/chosen": -229.1548252105713,
      "logps/rejected": -376.60364151000977,
      "loss": 0.005664398428052664,
      "mean_token_accuracy": 0.9288782328367233,
      "num_tokens": 111502.0,
      "rewards/accuracies": 1.0,
      "rewards/chosen": -1.8722836151719093,
      "rewards/margins": 5.3954514265060425,
      "rewards/rejected": -7.267735123634338,
      "step": 12
    },
    {
      "entropy": 0.12733693048357964,
      "epoch": 1.4848484848484849,
      "grad_norm": 0.0234375,